customer_code,item_code,peer_penetration_pct,estimated_annual_value
C0001,SI002,55.14,1958.90
C0001,FO014,74.06,3042.01
C0001,CU022,53.24,3094.05
C0001,CU024,48.35,2300.45
C0001,GR031,88.13,5859.40
C0001,GR032,91.23,2904.78
C0002,RU005,84.36,1191.83
C0002,GA012,59.79,4057.66
C0002,FO014,44.13,4614.75
C0002,CU021,50.98,5296.16
C0002,CU026,53.89,6155.83
C0002,GR029,67.22,5913.06
C0003,RU005,49.12,3604.03
C0003,FO016,40.03,808.60
C0003,CU026,50.80,4132.99
C0003,GR030,51.76,407.30
C0003,PA036,86.01,2643.25
C0004,SI002,61.57,3703.21
C0004,SI003,83.88,4305.52
C0004,GA010,69.62,875.28
C0004,CU022,82.56,6013.18
C0004,GR031,65.01,5743.53
C0004,PA033,63.65,2568.37
C0005,SI002,91.42,1069.29
C0005,RU007,57.42,5202.37
C0005,PL020,76.98,4397.63
C0005,CU023,55.29,6189.39
C0005,CU025,91.99,5331.53
C0005,PA035,77.39,1113.68
C0006,SI003,80.14,5273.73
C0006,SI004,56.40,5800.35
C0006,RU008,53.15,1705.04
C0006,GA012,89.77,6033.51
C0006,PL017,79.88,948.34
C0006,CU021,84.12,4418.69
C0007,FO014,79.84,3047.16
C0007,FO015,74.65,5853.25
C0007,PL017,64.28,930.32
C0007,PL018,76.33,1986.97
C0007,PL019,56.83,1813.06
C0007,PL020,44.41,5043.41
C0008,RU006,94.56,4892.70
C0008,CU024,71.38,6154.33
C0008,GR030,59.97,2307.67
C0009,9.EC22,40.69,3807.79
C0009,70.JP9,87.29,2866.40
C0009,SI001,85.74,5989.74
C0009,GA011,90.75,3364.55
C0009,CU023,63.56,4775.24
C0009,CU027,52.80,516.79
C0010,9.EC22,44.16,2544.44
C0010,SI001,42.88,3192.06
C0010,GA010,46.13,1153.08
C0010,CU021,81.64,2317.21
C0010,CU027,73.45,2601.85
C0011,SXLSK,75.48,610.70
C0011,GA010,53.28,812.16
C0011,FO015,89.42,3083.72
C0011,PL017,41.36,2740.27
C0011,CU023,56.56,4110.77
C0011,CU025,61.01,2651.58
C0012,SI002,83.32,4500.78
C0012,SI004,63.63,4527.97
C0012,FO013,82.27,1165.29
C0012,PL017,46.45,594.41
C0012,PL020,49.03,5214.06
C0012,CU023,78.92,4573.15
C0013,9.EC22,54.91,4398.77
C0013,70.JP9,51.28,369.26
C0013,SXLSK,58.75,958.16
C0013,SI004,57.63,5890.61
C0013,RU008,73.09,1857.75
C0013,GA009,69.41,5532.44
C0014,SI002,41.80,5315.67
C0014,SI003,56.52,1845.83
C0014,RU005,80.01,5804.19
C0014,PL018,94.15,855.50
C0014,PL019,71.67,3406.11
C0014,CU021,46.16,1771.28
C0015,70.JP9,52.33,3336.72
C0015,RU006,60.10,4355.01
C0015,RU007,43.03,2746.74
C0015,RU008,64.89,5407.48
C0015,FO015,66.52,6024.67
C0015,PL020,69.17,2917.60
C0016,SI001,69.32,5755.65
C0016,SI002,47.66,3969.98
C0016,SI003,54.30,2799.52
C0016,RU006,40.68,5733.24
C0016,RU008,43.91,3207.03
C0016,FO014,66.01,4960.27
C0017,9.EC22,57.34,5466.49
C0017,70.JP9,55.82,4216.84
C0017,SI004,79.40,378.35
C0017,RU006,72.21,4638.90
C0017,RU007,73.14,4489.58
C0017,FO014,82.51,3061.44
C0018,RU007,89.26,1146.72
C0018,FO016,67.19,4646.17
C0018,PL017,92.72,907.07
C0018,CU021,74.19,320.85
C0018,GR032,48.17,4530.95
C0018,PA033,70.10,4604.52
C0019,FO014,48.53,1541.86
C0019,FO015,54.16,568.35
C0019,PA034,56.69,4877.04
C0020,SI002,91.30,2827.49
C0020,SI003,82.31,2674.02
C0020,RU005,88.68,5563.21
C0020,RU006,79.61,6245.49
C0020,RU008,70.68,4590.40
C0020,PL020,87.72,5172.31
C0021,SI001,73.84,1708.56
C0021,SI004,44.54,2909.27
C0021,CU023,40.69,2139.66
C0021,CU025,63.29,5717.61
C0021,GR032,92.22,4979.57
C0021,PA034,78.95,778.81
C0022,SI003,61.71,4707.71
C0022,SI004,52.79,709.24
C0022,GA009,60.55,6133.23
C0022,GA012,60.69,3976.62
C0022,FO014,50.24,6092.09
C0022,FO016,50.85,3097.99
C0023,9.EC22,53.68,4742.49
C0023,SXLSK,80.25,1776.46
C0023,SI003,60.72,2743.63
C0023,RU008,48.08,5408.76
C0023,FO013,58.76,4680.40
C0023,FO016,54.11,2734.31
C0024,SI004,72.32,1971.03
C0024,FO016,74.00,518.60
C0024,PL018,87.70,1887.04
C0024,PL020,71.55,6001.97
C0024,CU026,94.64,3723.05
C0024,PA035,48.98,4677.67
C0025,GA011,86.45,1782.93
C0025,CU023,48.85,2878.27
C0025,CU026,80.92,1795.67
C0025,PA034,54.04,3156.73
C0026,9.EC22,67.28,6186.01
C0026,SI004,61.36,2013.40
C0026,RU007,93.58,2020.84
C0026,GA011,49.04,5858.49
C0026,GA012,85.32,6055.62
C0026,PL017,60.74,6268.93
C0027,RU005,48.26,1568.95
C0027,GA009,71.12,1083.62
C0027,PL019,49.91,1174.79
C0027,CU023,41.20,3809.43
C0027,GR030,51.37,4578.02
C0027,GR031,84.99,2661.68
C0028,SI004,86.80,545.61
C0028,RU006,47.05,1781.80
C0028,FO014,75.16,4663.92
C0028,CU022,47.65,3161.63
C0028,GR029,63.55,1285.85
C0029,RU005,59.06,5911.79
C0029,GR030,82.95,4119.10
C0029,GR032,66.49,2586.72
C0030,9.EC22,47.06,3350.90
C0030,FO016,69.07,5308.99
C0030,PL020,42.36,2115.31
C0030,PA034,69.30,5365.19
C0031,SI003,92.61,5390.14
C0031,SI004,93.79,5690.16
C0031,GA012,79.26,5461.64
C0031,CU028,68.43,2702.97
C0032,SI004,72.74,1506.83
C0032,GA011,60.33,5638.94
C0032,CU024,67.64,1113.17
C0032,CU027,76.45,5881.80
C0032,CU028,59.40,4950.95
C0032,GR029,93.63,6054.04
C0033,GA011,59.30,2931.04
C0033,GA012,52.04,1444.04
C0033,PL019,87.73,2573.90
C0033,CU023,67.68,3355.59
C0034,PL017,91.46,1298.46
C0034,PA036,83.35,4444.17
C0035,SI004,42.65,4361.02
C0035,RU008,68.87,1596.55
C0035,PA034,49.59,692.55
C0036,SI004,81.54,2948.92
C0036,GA009,86.52,4694.91
C0036,GA010,44.87,2650.35
C0036,FO013,56.08,6195.10
C0036,CU027,83.91,1893.86
C0036,GR030,81.24,3654.65
